# 必会的 sql (一)

- `distinct`

去重，只返回不同的行。

```sql
#查询 factory 库 user表中的 age，不返回重复的数据
SELECT DISTINCT age FROM user;

#另一种写法，完全限定的表名
SELECT DISTINCT user.age FROM factory.user;
```

- `limit`

建议结合`offset`使用`LIMIT`。

```sql
#从行号3开始，取4行数据
SELECT * FROM user LIMIT 10 OFFSET 3;
#等价于
SELECT * FROM user LIMIT 3, 10;
```

首行是0行。

```sql
#从行号0开始，取3行数据
SELECT * FROM user LIMIT 10;
```

- `order by`

排序，默认升序。

```sql
#升序：
SELECT name FROM user ORDER BY id;

#降序：DESC
SELECT name FROM user ORDER BY id DESC;
```

按多个列排序：

```sql
#首先按价格，然后再按名称排序
SELECT name FROM product ORDER BY price, name;

#按价格降序，名字升序
SELECT name FROM product ORDER BY price DESC, name;
```


- `<>` 

不匹配查询，等价于 `!=`

```sql
#查询 id 非 100 的数据
SELECT name FROM user WHERE id <> 100;
SELECT name FROM user WHERE id != 100;
```

- `between and`

查询某个范围的值，包括开始值和结束值

```sql
#create_time 在 '2019-01-01 00:00:01' 和 '2019-06-30 23:59:59' 之间的数据
SELECT name FROM user WHERE create_time BETWEEN '2019-01-01 00:00:01' AND '2019-06-30 23:59:59';

#查找价格在 5 和 10之间的产品
SELECT name FROM product WHERE price BETWEEN 5 AND 10;
```

- `IS NULL`

空值查询。

`NULL` 不是0，不是空字符串，也不是仅仅包含空格，只是无值（no value）。

```
SELECT name FROM user WHERE email IS NULL;
```

- `OR`

任意一个条件符合的数据。
`AND` 的优先级比 `OR` 高。

```sql
SELECT name FROM user WHERE id=100 OR id=1;
```


- `IN`

指定条件范围。

```sql
SELECT name FROM user WHERE id IN (100,200);
```

- `NOT`

否定之后跟的条件。

```sql
SELECT name FROM user WHERE id NOT IN (100,200);
```

- `%` 和 `_`

`%` : 匹配 0 个或多个字符。

`_` : 只匹配一个字符。


```sql
SELECT name FROM user WHERE name like '_ing';
SELECT name FROM user WHERE name like '%ing';
```

- `regexp`

正则匹配。

```sql
SELECT name FROM user WHERE name REGEXP '.ing';

SELECT name FROM user WHERE name REGEXP 'Tom|Jim';

SELECT name FROM user WHERE name REGEXP '[123] Tom';

SELECT name FROM user WHERE name REGEXP '[1-4] Tom';
```

- `Concat()` 函数

多数 DBMS 使用 `+` 或  `||` 来实现拼接。mysql 使用 `Concat()` 函数。

```sql
#查询 name字段值， phone 字段值， 并拼接成 name(phone)
SELECT Concat(name, '(', phone, ')') FROM user ORDER BY name;
```

```sql
mysql> select Concat(real_name,'(',phone,')') from sf_user limit 3;
+---------------------------------+
| Concat(real_name,'(',phone,')') |
+---------------------------------+
| 我是上帝(god)                   |
| admin(admin)                    |
| 李xx(15xxxxxxxxxxx)             |
+---------------------------------+
3 rows in set (0.03 sec)
```

- `RTrim()` 函数 、`LTrim()` 函数 、`Trim()` 函数

`Trim()` ：去除左右两边空格。

`RTrim()` ：去除右边空格。

`LTrim()` ：去除左边空格。


```sql
select Trim(real_name) from sf_user limit 3;
```

- `as` 使用别名

起别名。 列名 `Concat(real_name,'(',phone,')')` 变为 `title`。 按名引用这个列，就像一个实际的列表。


```sql
select Concat(real_name,'(',phone,')') AS title from sf_user limit 3;
```

```sql
mysql> select Concat(real_name,'(',phone,')') AS title from sf_user limit 2;
+------------------------+
| title                  |
+------------------------+
| 我是上帝(god)          |
| admin(admin)           |
+------------------------+
3 rows in set (0.00 sec)
```

- 算术运算：`+` `-` `*` `/`

```sql
SELECT id, quantity, price,quantity*price AS expanded_price FROM order WHERE order_num = 2000;
```

- `Upper()` 函数

转换为大写。

```sql
select real_name, Upper(real_name) AS name_upcase from sf_user;
```

```sql
mysql> select real_name,Upper(real_name) AS name_upcase from sf_user;
+--------------+--------------+
| real_name    | name_upcase  |
+--------------+--------------+
| admin        | ADMIN        |
+--------------+--------------+
3 rows in set (0.01 sec)
```

- `Left()` 返回串左边的字符
- `Length()` 返回串的长度
- `Locate()` 找出串的一个子串
- `Lower()` 转换为小写
- `Right()`  返回串右边的字符
- `SubString()` 返回子串的字符


- `Soundex()` 返回串的 SOUNDEX 值

匹配发音相似。 将任何文本串转换为描述其语音表示的字母数字模式的算法。

```sql
SELECT real_name FROM user WHERE Soundex(real_name) = Soundex('Li Li');
```

## 日期、时间处理函数

- `AddDate()` ：增加一个日期（天、周等）
- `AddTime()` ：增加一个时间（时、分等）

- `CurDate()` ：返回当前日期
- `CurTime()` ：返回当前时间


- `DateDiff()` ：计算两个日期之差
- `Date_Add()` ：高度灵活的日期运算函数
- `Date_Format()` ：返回一个格式化的日期或时间串，yyyy-mm-dd


- `Date()` ：返回日期时间的日期部分
- `Day()` ：返回一个日期的天数部分
- `DayOfWeek()` ：对于一个日期，返回对应的星期几
- `Hour()` ：返回一个时间的小时部分
- `Minute()` ：返回一个时间的分钟部分
- `Month()`  ：返回一个日期的月份部分
- `Second()` : 返回一个时间的秒部分
- `Time()`  ：返回一个日期时间的时间部分
- `Year()`  ：返回一个日期的年份部分



- `Now()` ：返回当前日期和时间

```sql
SELECT Now();
```

```sql
mysql> SELECT Now();
+---------------------+
| Now()               |
+---------------------+
| 2019-09-04 09:52:23 |
+---------------------+
1 row in set (0.00 sec)
```

```sql
mysql> select real_name from sf_user where Date(create_time) = '2019-07-08';
+-------------------------------------+
| real_name                           |
+-------------------------------------+
| 郭德纲                              |
+-------------------------------------+
1 rows in set (0.00 sec)
```


```sql
mysql> select real_name from sf_user where Date(create_time) between '2019-08-01' and '2019-09-01';
+-----------------------------------+
| real_name                         |
+-----------------------------------+
| test2                             |
| test3                             |
+-----------------------------------+
2 rows in set (0.00 sec)
```

```sql
mysql> select real_name from sf_user where Month(create_time) = 8;
+-----------------------------------+
| real_name                         |
+-----------------------------------+
| test2                             |
| test3                             |
+-----------------------------------+
2 rows in set (0.00 sec)
```

## 数值处理函数

- `Abs()` ：求绝对值
- `Exp()` ：指数值
- `Mod()` ：求除的余数
- `Sqrt()` ：求平方根
- `Rand()` ：求随机数

- `Pi()`  ：圆周率
- `Cos()` ：求角度的余弦值
- `Sin()` ：求角度的正弦值
- `Tan()` ：求角度的正切值

## 聚集函数

- `AVG()` ：某列的平均值 ，会忽略 NULL的行
- `COUNT()` ：某列的行数
- `MAX()` ：某列的最大值
- `MIN()` ：某列的最小值
- `SUM()` ：某列值之和


```sql
mysql> select AVG(count) as avg_count from sf_income;
+-----------+
| avg_count |
+-----------+
|  444.5497 |
+-----------+
1 row in set (0.24 sec)

mysql> select MAX(count) as max_count from sf_income;
+-----------+
| max_count |
+-----------+
|       725 |
+-----------+
1 row in set (0.06 sec)
```

- `group by` 

分组数据。

```sql
#按 product_id 排序并分组，对每个 product_id 分组计算 num；
SELECT product_id,COUNT(*) AS num FROM product GROUP BY product_id;
```


- `having` 过滤分组，`where`过滤行

```sql
#按 product_id 排序并分组，对每个 product_id 分组计算 num，并过滤 num >= 2 的分组
SELECT product_id,COUNT(*) AS num FROM product GROUP BY product_id HAVING COUNT(*) >= 2;
```

## 子查询

```sql
mysql> select user_id from sf_user where real_name like '%test%';
+----------------------------------+
| user_id                          |
+----------------------------------+
| f13889f05c07a0efc645ea3b00697747 |
| 49318c89608a6bac43015e86d481d790 |
+----------------------------------+
6 rows in set (0.00 sec)


mysql> select Concat(code_id,'(',user_id,')') from sf_qr_code_user_process where user_id IN ('f13889f05c07a0efc645ea3b00697747','49318c89608a6bac43015e86d481d790');
+-------------------------------------------------+
| Concat(code_id,'(',user_id,')')                 |
+-------------------------------------------------+
| 1562xxxxxxxxx(f13889f05c07a0efc645ea3b00697747) |
+-------------------------------------------------+
5 rows in set (0.07 sec)
```

上面的两个查询，合并成一个查询，把第一个查询作为第二个查询的子查询：

```sql
select Concat(code_id,'(',user_id,')') from sf_qr_code_user_process where user_id IN (
                                                                                    select user_id 
                                                                                    from sf_user 
                                                                                    where real_name like '%test%' );
```


```sql
mysql> select process_name, 
              (select real_name 
              from sf_user 
              where sf_user.user_id = sf_qr_code_user_process.user_id ) as name 
        from sf_qr_code_user_process 
        limit 5;
+--------------+--------+
| process_name | name   |
+--------------+--------+
| 裁剪         | aaaa   |
+--------------+--------+
10 rows in set (0.00 sec)
```


























